住所,時間,動作
日本、〒153-0041 東京都目黒区駒場３丁目８−１,8:00,開始
日本、〒153-0041 東京都目黒区駒場３丁目８−１,11:55,集荷
日本、〒153-0041 東京都目黒区駒場３丁目８ １１号館,12:02,移動
日本、〒153-0041 東京都目黒区駒場２丁目１９−７０,12:10,移動
日本、〒153-0041 東京都目黒区駒場１丁目３６−１２,12:20,移動
日本、〒153-0041 東京都目黒区 淡島通り,12:26,移動
日本、東京都 淡島通り,12:33,移動
日本、〒155-0032 東京都世田谷区代沢１丁目２３−８,12:40,移動
日本、〒154-0004 東京都世田谷区太子堂３丁目３８−１,12:49,移動
日本、〒155-0032 東京都世田谷区代沢３丁目２−２,12:56,移動
日本、〒154-0004 東京都世田谷区太子堂３丁目３１−６ ピアース三軒茶屋レジデンス,13:04,移動
日本、〒155-0032 東京都世田谷区代沢４丁目６−１４,13:13,移動
日本、〒155-0033 東京都世田谷区代田３丁目１８−２,13:24,移動
日本、東京都世田谷区 淡島通り,13:36,移動
